{"camera_matrix": [[803.2606636499044, 0.0, 637.9629008361095], [0.0, 799.5774241103753, 357.80394542101106], [0.0, 0.0, 1.0]], "distortion_coefficients": [[0.04899991602117749, -0.17395587157909456, -0.004055396197809983, -0.0028114911708032476, 0.14944802799513807]], "iso": 100, "exposure": 2000, "intrinsic_status": true, "extrinsic_status": false, "eye_hand_matrix": []}