{"cl_R_cr": [[0.9997415436218327, -0.005403459757786398, -0.022082766567650028], [0.005643583592170722, 0.9999254711172556, 0.010825995343269685], [0.02202262293355449, -0.010947823234794141, 0.9996975288783834]], "cl_T_cr": [[-7.355271432794645], [0.09658713039603398], [-1.1894599913752228]], "base_line": 7.451453683337599}