{"camera_matrix": [[795.8979633468359, 0.0, 636.3709413480169], [0.0, 795.2543340275092, 352.9725271088692], [0.0, 0.0, 1.0]], "distortion_coefficients": [[0.19841495838102655, -1.0162747266009, -0.0022505864265081155, 0.005251769777202984, 1.3566200263118964]], "iso": 100, "exposure": 2000, "intrinsic_status": true, "extrinsic_status": true, "eye_hand_matrix": [[0.5805640934271971, 0.8142063940042902, 0.0036443635365303864, 39.18518190334886], [-0.8141676979782027, 0.5804768550502559, 0.013325926603347887, 69.66001747915264], [0.00873458596213356, -0.01070367756868299, 0.9999045645933297, 80.82618252300438], [0.0, 0.0, 0.0, 1.0]]}