{"camera_matrix": [[786.8229344245316, 0.0, 634.9991740199154], [0.0, 784.8111314996702, 357.59580405187904], [0.0, 0.0, 1.0]], "distortion_coefficients": [[0.07523672888434303, -0.34072590985270884, -0.00038895814444262194, 0.00019076900869780832, 0.2491821174670131]], "iso": 100, "exposure": 2000, "intrinsic_status": true, "extrinsic_status": true, "eye_hand_matrix": [[0.6419964310273222, 0.766489153386242, -0.018301920375263972, 90.3914573879427], [-0.7663689869296516, 0.6422394134358705, 0.014391375958131622, 123.52026021694147], [0.02278504818077097, 0.0047868121741652895, 0.9997289272640905, 3.3332463209766914], [0.0, 0.0, 0.0, 1.0]]}