{"camera_matrix": [[784.5614692508944, 0.0, 643.2962280777214], [0.0, 782.1667334623315, 359.5712461154674], [0.0, 0.0, 1.0]], "distortion_coefficients": [[0.19522105905289341, -1.0343430372730886, 0.00367908436679615, 0.002254757637263611, 1.4653274846750446]], "iso": 100, "exposure": 2000, "intrinsic_status": true, "extrinsic_status": true, "eye_hand_matrix": [[0.3913700041257723, -0.23835833954993124, -0.888827779627523, -56.817827999008564], [0.8149811532460572, 0.5383310644526719, 0.21448865913837928, -180.75179847757346], [0.42735844407747403, -0.80832231628989, 0.40494418536809185, -5.845691044819077], [0.0, 0.0, 0.0, 1.0]]}