{"camera_matrix": [[804.435229355982, 0.0, 631.5835437761166], [0.0, 801.4073983411423, 354.8785985044662], [0.0, 0.0, 1.0]], "distortion_coefficients": [[0.09350302109689636, -0.3975237654104974, 0.000251586638801015, -0.0010864386683307544, 0.2967390275068116]], "iso": 100, "exposure": 2000, "intrinsic_status": true, "extrinsic_status": true, "eye_hand_matrix": [[0.33729129148641546, 0.5502828685971959, 0.7638215427806859, -184.52158487046927], [-0.0013912670650975678, 0.811657892799172, -0.5841314316425383, -123.1776522624541], [-0.9413993037300269, 0.19595976522043773, 0.27453072933894185, 336.1655105748563], [0.0, 0.0, 0.0, 1.0]]}