{"camera_matrix": [[784.5614692508944, 0.0, 643.2962280777214], [0.0, 782.1667334623315, 359.5712461154674], [0.0, 0.0, 1.0]], "distortion_coefficients": [[0.19522105905289341, -1.0343430372730886, 0.00367908436679615, 0.002254757637263611, 1.4653274846750446]], "iso": 100, "exposure": 2000, "intrinsic_status": true, "extrinsic_status": false, "eye_hand_matrix": []}