{"camera_matrix": [[786.8229344245316, 0.0, 634.9991740199154], [0.0, 784.8111314996702, 357.59580405187904], [0.0, 0.0, 1.0]], "distortion_coefficients": [[0.07523672888434303, -0.34072590985270884, -0.00038895814444262194, 0.00019076900869780832, 0.2491821174670131]], "iso": 100, "exposure": 2000, "intrinsic_status": true, "extrinsic_status": true, "eye_hand_matrix": [[NaN, NaN, NaN, NaN], [NaN, NaN, NaN, NaN], [NaN, NaN, NaN, NaN], [0.0, 0.0, 0.0, 1.0]]}