{"camera_matrix": [[797.6567140673376, 0.0, 635.4325221711173], [0.0, 797.0288854052475, 353.1967197081328], [0.0, 0.0, 1.0]], "distortion_coefficients": [[0.20068214688153455, -1.027102813084213, -0.0018279711216227022, 0.0054931107217802005, 1.3738893583597191]], "iso": 100, "exposure": 2000, "intrinsic_status": true, "extrinsic_status": true, "eye_hand_matrix": [[0.6064321185787155, 0.7949665315102664, 0.016379845379833707, 17.86248969241958], [-0.7951317077383274, 0.6063623182995715, 0.009502962459154073, -88.07642846826025], [-0.002377583912678511, -0.01878703608623573, 0.9998206811072837, -632.4661376461329], [0.0, 0.0, 0.0, 1.0]]}