{"camera_matrix": [[820.8816295800863, 0.0, 639.4660384108367], [0.0, 818.7804749457712, 366.7069252666712], [0.0, 0.0, 1.0]], "distortion_coefficients": [[0.18742200680405435, -0.7725470272187464, -0.0020329873908670826, -0.002052073674229345, 0.8667942984697599]], "iso": 100, "exposure": 2000, "intrinsic_status": true, "extrinsic_status": false, "eye_hand_matrix": []}