{"camera_matrix": [[8097.04671091602, 0.0, 630.0336569182662], [0.0, 8111.895555513218, 374.561306315738], [0.0, 0.0, 1.0]], "distortion_coefficients": [[3.489280897297843, -1570.4194194314575, -0.006377531417210918, -0.005412246647638255, 508.408654366644]], "iso": 100, "exposure": 2500, "intrinsic_status": false, "extrinsic_status": false}