{"camera_matrix": [0.0, 0.0, 0.0, 0.0, 0.0], "distortion_coefficients": [2.100005679495913, -93.90935087598942, -0.0026429340701817784, 0.036142538385334814, -5939.1751710055705], "iso": 100, "exposure": 2500, "intrinsic_status": false, "extrinsic_status": false}