{"camera_matrix": [[792.378587850929, 0.0, 663.1814056555818], [0.0, 790.833689273795, 371.73528840351673], [0.0, 0.0, 1.0]], "distortion_coefficients": [[0.16698944545477049, -0.8530189659699031, -0.0014114182665176471, 0.00014917944645672883, 1.0025780215863136]], "iso": 100, "exposure": 2000, "intrinsic_status": true, "extrinsic_status": false, "eye_hand_matrix": []}