{"camera_matrix": [[792.9260345944916, 0.0, 659.2340167240475], [0.0, 790.9969431439624, 374.147050409794], [0.0, 0.0, 1.0]], "distortion_coefficients": [[0.05704920103178458, -0.3260003489975046, 8.263540515181712e-05, -0.005603687343850027, 0.2814766477530801]], "iso": 100, "exposure": 2000, "intrinsic_status": true, "extrinsic_status": false, "eye_hand_matrix": []}