{"cl_R_cr": [[0.9994378134232359, -0.006037802739941412, -0.03297881195335265], [0.005703672691296112, 0.9999315447588711, -0.01021635521936637], [0.03303823871836394, 0.010022511372468854, 0.9994038343173279]], "cl_T_cr": [[-7.509170685243676], [0.023227930166793736], [0.11298775590013017]], "base_line": 7.510056600974866}