{"cl_R_cr": [[0.9999166162696567, 0.009819460501979028, 0.008386817232433865], [-0.009971154031062265, 0.9997838972698282, 0.01824102100329351], [-0.008205887833074896, -0.018323126245371944, 0.9997984429121037]], "cl_T_cr": [[-7.612452597600752], [-0.026834749044108954], [0.4275295730162761]], "base_line": 7.624495799085876}