{"cl_R_cr": [[0.9997690712663604, -0.005708353429646267, -0.020717597358805878], [0.005570387307138631, 0.9999619660455743, -0.006710979624338136], [0.020755118030206993, 0.0065940248249501225, 0.9997628438345567]], "cl_T_cr": [[-74.92966589638654], [0.05966186278353139], [-0.6189546007288427]], "base_line": 74.93224603386545}